lire - indicatif - présent - première_singulier,lire,lis,\ʒə li\,indicatif,présent,première_singulier
lire - indicatif - présent - deuxième_singulier,lire,lis,\ty li\,indicatif,présent,deuxième_singulier
lire - indicatif - présent - troisième_singulier,lire,lit,\[il/ɛl/ɔ̃] li\,indicatif,présent,troisième_singulier
lire - indicatif - présent - première_pluriel,lire,lisons,\nu li.zɔ̃\,indicatif,présent,première_pluriel
lire - indicatif - présent - deuxième_pluriel,lire,lisez,\vu li.ze\,indicatif,présent,deuxième_pluriel
lire - indicatif - présent - troisième_pluriel,lire,lisent,\[il/ɛl] liz\,indicatif,présent,troisième_pluriel
lire - indicatif - imparfait - première_singulier,lire,lisais,\ʒə li.zɛ\,indicatif,imparfait,première_singulier
lire - indicatif - imparfait - deuxième_singulier,lire,lisais,\ty li.zɛ\,indicatif,imparfait,deuxième_singulier
lire - indicatif - imparfait - troisième_singulier,lire,lisait,\[il/ɛl/ɔ̃] li.zɛ\,indicatif,imparfait,troisième_singulier
lire - indicatif - imparfait - première_pluriel,lire,lisions,\nu li.zjɔ̃\,indicatif,imparfait,première_pluriel
lire - indicatif - imparfait - deuxième_pluriel,lire,lisiez,\vu li.zje\,indicatif,imparfait,deuxième_pluriel
lire - indicatif - imparfait - troisième_pluriel,lire,lisaient,\[il/ɛl] li.zɛ\,indicatif,imparfait,troisième_pluriel
lire - indicatif - passé_simple - première_singulier,lire,lus,\ʒə ly\,indicatif,passé simple,première_singulier
lire - indicatif - passé_simple - deuxième_singulier,lire,lus,\ty ly\,indicatif,passé simple,deuxième_singulier
lire - indicatif - passé_simple - troisième_singulier,lire,lut,\[il/ɛl/ɔ̃] ly\,indicatif,passé simple,troisième_singulier
lire - indicatif - passé_simple - première_pluriel,lire,lûmes,\nu lym\,indicatif,passé simple,première_pluriel
lire - indicatif - passé_simple - deuxième_pluriel,lire,lûtes,\vu lyt\,indicatif,passé simple,deuxième_pluriel
lire - indicatif - passé_simple - troisième_pluriel,lire,lurent,\[il/ɛl] lyʁ\,indicatif,passé simple,troisième_pluriel
lire - indicatif - futur_simple - première_singulier,lire,lirai,\ʒə li.ʁe\,indicatif,futur simple,première_singulier
lire - indicatif - futur_simple - deuxième_singulier,lire,liras,\ty li.ʁa\,indicatif,futur simple,deuxième_singulier
lire - indicatif - futur_simple - troisième_singulier,lire,lira,\[il/ɛl/ɔ̃] li.ʁa\,indicatif,futur simple,troisième_singulier
lire - indicatif - futur_simple - première_pluriel,lire,lirons,\nu li.ʁɔ̃\,indicatif,futur simple,première_pluriel
lire - indicatif - futur_simple - deuxième_pluriel,lire,lirez,\vu li.ʁe\,indicatif,futur simple,deuxième_pluriel
lire - indicatif - futur_simple - troisième_pluriel,lire,liront,\[il/ɛl] li.ʁɔ̃\,indicatif,futur simple,troisième_pluriel
lire - subjonctif - présent - première_singulier,lire,lise,\kə ʒə liz\,subjonctif,présent,première_singulier
lire - subjonctif - présent - deuxième_singulier,lire,lises,\kə ty liz\,subjonctif,présent,deuxième_singulier
lire - subjonctif - présent - troisième_singulier,lire,lise,\k‿[il/ɛl/ɔ̃] liz\,subjonctif,présent,troisième_singulier
lire - subjonctif - présent - première_pluriel,lire,lisions,\kə nu li.zjɔ̃\,subjonctif,présent,première_pluriel
lire - subjonctif - présent - deuxième_pluriel,lire,lisiez,\kə vu li.zje\,subjonctif,présent,deuxième_pluriel
lire - subjonctif - présent - troisième_pluriel,lire,lisent,\k‿[il/ɛl] liz\,subjonctif,présent,troisième_pluriel
lire - subjonctif - imparfait - première_singulier,lire,lusse,\kə ʒə lys\,subjonctif,imparfait,première_singulier
lire - subjonctif - imparfait - deuxième_singulier,lire,lusses,\kə ty lys\,subjonctif,imparfait,deuxième_singulier
lire - subjonctif - imparfait - troisième_singulier,lire,lût,\k‿[il/ɛl/ɔ̃] ly\,subjonctif,imparfait,troisième_singulier
lire - subjonctif - imparfait - première_pluriel,lire,lussions,\kə nu ly.sjɔ̃\,subjonctif,imparfait,première_pluriel
lire - subjonctif - imparfait - deuxième_pluriel,lire,lussiez,\kə vu ly.sje\,subjonctif,imparfait,deuxième_pluriel
lire - subjonctif - imparfait - troisième_pluriel,lire,lussent,\k‿[il/ɛl] lys\,subjonctif,imparfait,troisième_pluriel
lire - conditionnel - présent - première_singulier,lire,lirais,\ʒə li.ʁɛ\,conditionnel,présent,première_singulier
lire - conditionnel - présent - deuxième_singulier,lire,lirais,\ty li.ʁɛ\,conditionnel,présent,deuxième_singulier
lire - conditionnel - présent - troisième_singulier,lire,lirait,\[il/ɛl/ɔ̃] li.ʁɛ\,conditionnel,présent,troisième_singulier
lire - conditionnel - présent - première_pluriel,lire,lirions,\nu li.ʁjɔ̃\,conditionnel,présent,première_pluriel
lire - conditionnel - présent - deuxième_pluriel,lire,liriez,\vu li.ʁje\,conditionnel,présent,deuxième_pluriel
lire - conditionnel - présent - troisième_pluriel,lire,liraient,\[il/ɛl] li.ʁɛ\,conditionnel,présent,troisième_pluriel
mourir - indicatif - présent - première_singulier,mourir,meurs,\ʒə mœʁ\,indicatif,présent,première_singulier
mourir - indicatif - présent - deuxième_singulier,mourir,meurs,\ty mœʁ\,indicatif,présent,deuxième_singulier
mourir - indicatif - présent - troisième_singulier,mourir,meurt,\[il/ɛl/ɔ̃] mœʁ\,indicatif,présent,troisième_singulier
mourir - indicatif - présent - première_pluriel,mourir,mourons,\nu mu.ʁɔ̃\,indicatif,présent,première_pluriel
mourir - indicatif - présent - deuxième_pluriel,mourir,mourez,\vu mu.ʁe\,indicatif,présent,deuxième_pluriel
mourir - indicatif - présent - troisième_pluriel,mourir,meurent,\[il/ɛl] mœʁ\,indicatif,présent,troisième_pluriel
mourir - indicatif - imparfait - première_singulier,mourir,mourais,\ʒə mu.ʁɛ\,indicatif,imparfait,première_singulier
mourir - indicatif - imparfait - deuxième_singulier,mourir,mourais,\ty mu.ʁɛ\,indicatif,imparfait,deuxième_singulier
mourir - indicatif - imparfait - troisième_singulier,mourir,mourait,\[il/ɛl/ɔ̃] mu.ʁɛ\,indicatif,imparfait,troisième_singulier
mourir - indicatif - imparfait - première_pluriel,mourir,mourions,\nu mu.ʁjɔ̃\,indicatif,imparfait,première_pluriel
mourir - indicatif - imparfait - deuxième_pluriel,mourir,mouriez,\vu mu.ʁje\,indicatif,imparfait,deuxième_pluriel
mourir - indicatif - imparfait - troisième_pluriel,mourir,mouraient,\[il/ɛl] mu.ʁɛ\,indicatif,imparfait,troisième_pluriel
mourir - indicatif - passé_simple - première_singulier,mourir,mourus,\ʒə mu.ʁy\,indicatif,passé simple,première_singulier
mourir - indicatif - passé_simple - deuxième_singulier,mourir,mourus,\ty mu.ʁy\,indicatif,passé simple,deuxième_singulier
mourir - indicatif - passé_simple - troisième_singulier,mourir,mourut,\[il/ɛl/ɔ̃] mu.ʁy\,indicatif,passé simple,troisième_singulier
mourir - indicatif - passé_simple - première_pluriel,mourir,mourûmes,\nu mu.ʁym\,indicatif,passé simple,première_pluriel
mourir - indicatif - passé_simple - deuxième_pluriel,mourir,mourûtes,\vu mu.ʁyt\,indicatif,passé simple,deuxième_pluriel
mourir - indicatif - passé_simple - troisième_pluriel,mourir,moururent,\[il/ɛl] mu.ʁyʁ\,indicatif,passé simple,troisième_pluriel
mourir - indicatif - futur_simple - première_singulier,mourir,mourrai,\ʒə muʁ.ʁe\,indicatif,futur simple,première_singulier
mourir - indicatif - futur_simple - deuxième_singulier,mourir,mourras,\ty muʁ.ʁa\,indicatif,futur simple,deuxième_singulier
mourir - indicatif - futur_simple - troisième_singulier,mourir,mourra,\[il/ɛl/ɔ̃] muʁ.ʁa\,indicatif,futur simple,troisième_singulier
mourir - indicatif - futur_simple - première_pluriel,mourir,mourrons,\nu muʁ.ʁɔ̃\,indicatif,futur simple,première_pluriel
mourir - indicatif - futur_simple - deuxième_pluriel,mourir,mourrez,\vu muʁ.ʁe\,indicatif,futur simple,deuxième_pluriel
mourir - indicatif - futur_simple - troisième_pluriel,mourir,mourront,\[il/ɛl] muʁ.ʁɔ̃\,indicatif,futur simple,troisième_pluriel
mourir - subjonctif - présent - première_singulier,mourir,meure,\kə ʒə mœʁ\,subjonctif,présent,première_singulier
mourir - subjonctif - présent - deuxième_singulier,mourir,meures,\kə ty mœʁ\,subjonctif,présent,deuxième_singulier
mourir - subjonctif - présent - troisième_singulier,mourir,meure,\k‿[il/ɛl/ɔ̃] mœʁ\,subjonctif,présent,troisième_singulier
mourir - subjonctif - présent - première_pluriel,mourir,mourions,\kə nu mu.ʁjɔ̃\,subjonctif,présent,première_pluriel
mourir - subjonctif - présent - deuxième_pluriel,mourir,mouriez,\kə vu mu.ʁje\,subjonctif,présent,deuxième_pluriel
mourir - subjonctif - présent - troisième_pluriel,mourir,meurent,\k‿[il/ɛl] mœʁ\,subjonctif,présent,troisième_pluriel
mourir - subjonctif - imparfait - première_singulier,mourir,mourusse,\kə ʒə mu.ʁys\,subjonctif,imparfait,première_singulier
mourir - subjonctif - imparfait - deuxième_singulier,mourir,mourusses,\kə ty mu.ʁys\,subjonctif,imparfait,deuxième_singulier
mourir - subjonctif - imparfait - troisième_singulier,mourir,mourût,\k‿[il/ɛl/ɔ̃] mu.ʁy\,subjonctif,imparfait,troisième_singulier
mourir - subjonctif - imparfait - première_pluriel,mourir,mourussions,\kə nu mu.ʁy.sjɔ̃\,subjonctif,imparfait,première_pluriel
mourir - subjonctif - imparfait - deuxième_pluriel,mourir,mourussiez,\kə vu mu.ʁy.sje\,subjonctif,imparfait,deuxième_pluriel
mourir - subjonctif - imparfait - troisième_pluriel,mourir,mourussent,\k‿[il/ɛl] mu.ʁys\,subjonctif,imparfait,troisième_pluriel
mourir - conditionnel - présent - première_singulier,mourir,mourrais,\ʒə muʁ.ʁɛ\,conditionnel,présent,première_singulier
mourir - conditionnel - présent - deuxième_singulier,mourir,mourrais,\ty muʁ.ʁɛ\,conditionnel,présent,deuxième_singulier
mourir - conditionnel - présent - troisième_singulier,mourir,mourrait,\[il/ɛl/ɔ̃] muʁ.ʁɛ\,conditionnel,présent,troisième_singulier
mourir - conditionnel - présent - première_pluriel,mourir,mourrions,\nu muʁ.ʁjɔ̃\,conditionnel,présent,première_pluriel
mourir - conditionnel - présent - deuxième_pluriel,mourir,mourriez,\vu muʁ.ʁje\,conditionnel,présent,deuxième_pluriel
mourir - conditionnel - présent - troisième_pluriel,mourir,mourraient,\[il/ɛl] muʁ.ʁɛ\,conditionnel,présent,troisième_pluriel
perdre - indicatif - présent - première_singulier,perdre,perds,\ʒə pɛʁ\,indicatif,présent,première_singulier
perdre - indicatif - présent - deuxième_singulier,perdre,perds,\ty pɛʁ\,indicatif,présent,deuxième_singulier
perdre - indicatif - présent - troisième_singulier,perdre,perd,\[il/ɛl/ɔ̃] pɛʁ\,indicatif,présent,troisième_singulier
perdre - indicatif - présent - première_pluriel,perdre,perdons,\nu pɛʁ.dɔ̃\,indicatif,présent,première_pluriel
perdre - indicatif - présent - deuxième_pluriel,perdre,perdez,\vu pɛʁ.de\,indicatif,présent,deuxième_pluriel
perdre - indicatif - présent - troisième_pluriel,perdre,perdent,\[il/ɛl] pɛʁd\,indicatif,présent,troisième_pluriel
perdre - indicatif - imparfait - première_singulier,perdre,perdais,\ʒə pɛʁ.dɛ\,indicatif,imparfait,première_singulier
perdre - indicatif - imparfait - deuxième_singulier,perdre,perdais,\ty pɛʁ.dɛ\,indicatif,imparfait,deuxième_singulier
perdre - indicatif - imparfait - troisième_singulier,perdre,perdait,\[il/ɛl/ɔ̃] pɛʁ.dɛ\,indicatif,imparfait,troisième_singulier
perdre - indicatif - imparfait - première_pluriel,perdre,perdions,\nu pɛʁ.djɔ̃\,indicatif,imparfait,première_pluriel
perdre - indicatif - imparfait - deuxième_pluriel,perdre,perdiez,\vu pɛʁ.dje\,indicatif,imparfait,deuxième_pluriel
perdre - indicatif - imparfait - troisième_pluriel,perdre,perdaient,\[il/ɛl] pɛʁ.dɛ\,indicatif,imparfait,troisième_pluriel
perdre - indicatif - passé_simple - première_singulier,perdre,perdis,\ʒə pɛʁ.di\,indicatif,passé simple,première_singulier
perdre - indicatif - passé_simple - deuxième_singulier,perdre,perdis,\ty pɛʁ.di\,indicatif,passé simple,deuxième_singulier
perdre - indicatif - passé_simple - troisième_singulier,perdre,perdit,\[il/ɛl/ɔ̃] pɛʁ.di\,indicatif,passé simple,troisième_singulier
perdre - indicatif - passé_simple - première_pluriel,perdre,perdîmes,\nu pɛʁ.dim\,indicatif,passé simple,première_pluriel
perdre - indicatif - passé_simple - deuxième_pluriel,perdre,perdîtes,\vu pɛʁ.dit\,indicatif,passé simple,deuxième_pluriel
perdre - indicatif - passé_simple - troisième_pluriel,perdre,perdirent,\[il/ɛl] pɛʁ.diʁ\,indicatif,passé simple,troisième_pluriel
perdre - indicatif - futur_simple - première_singulier,perdre,perdrai,\ʒə pɛʁ.dʁe\,indicatif,futur simple,première_singulier
perdre - indicatif - futur_simple - deuxième_singulier,perdre,perdras,\ty pɛʁ.dʁa\,indicatif,futur simple,deuxième_singulier
perdre - indicatif - futur_simple - troisième_singulier,perdre,perdra,\[il/ɛl/ɔ̃] pɛʁ.dʁa\,indicatif,futur simple,troisième_singulier
perdre - indicatif - futur_simple - première_pluriel,perdre,perdrons,\nu pɛʁ.dʁɔ̃\,indicatif,futur simple,première_pluriel
perdre - indicatif - futur_simple - deuxième_pluriel,perdre,perdrez,\vu pɛʁ.dʁe\,indicatif,futur simple,deuxième_pluriel
perdre - indicatif - futur_simple - troisième_pluriel,perdre,perdront,\[il/ɛl] pɛʁ.dʁɔ̃\,indicatif,futur simple,troisième_pluriel
perdre - subjonctif - présent - première_singulier,perdre,perde,\kə ʒə pɛʁd\,subjonctif,présent,première_singulier
perdre - subjonctif - présent - deuxième_singulier,perdre,perdes,\kə ty pɛʁd\,subjonctif,présent,deuxième_singulier
perdre - subjonctif - présent - troisième_singulier,perdre,perde,\k‿[il/ɛl/ɔ̃] pɛʁd\,subjonctif,présent,troisième_singulier
perdre - subjonctif - présent - première_pluriel,perdre,perdions,\kə nu pɛʁ.djɔ̃\,subjonctif,présent,première_pluriel
perdre - subjonctif - présent - deuxième_pluriel,perdre,perdiez,\kə vu pɛʁ.dje\,subjonctif,présent,deuxième_pluriel
perdre - subjonctif - présent - troisième_pluriel,perdre,perdent,\k‿[il/ɛl] pɛʁd\,subjonctif,présent,troisième_pluriel
perdre - subjonctif - imparfait - première_singulier,perdre,perdisse,\kə ʒə pɛʁ.dis\,subjonctif,imparfait,première_singulier
perdre - subjonctif - imparfait - deuxième_singulier,perdre,perdisses,\kə ty pɛʁ.dis\,subjonctif,imparfait,deuxième_singulier
perdre - subjonctif - imparfait - troisième_singulier,perdre,perdît,\k‿[il/ɛl/ɔ̃] pɛʁ.di\,subjonctif,imparfait,troisième_singulier
perdre - subjonctif - imparfait - première_pluriel,perdre,perdissions,\kə nu pɛʁ.di.sjɔ̃\,subjonctif,imparfait,première_pluriel
perdre - subjonctif - imparfait - deuxième_pluriel,perdre,perdissiez,\kə vu pɛʁ.di.sje\,subjonctif,imparfait,deuxième_pluriel
perdre - subjonctif - imparfait - troisième_pluriel,perdre,perdissent,\k‿[il/ɛl] pɛʁ.dis\,subjonctif,imparfait,troisième_pluriel
perdre - conditionnel - présent - première_singulier,perdre,perdrais,\ʒə pɛʁ.dʁɛ\,conditionnel,présent,première_singulier
perdre - conditionnel - présent - deuxième_singulier,perdre,perdrais,\ty pɛʁ.dʁɛ\,conditionnel,présent,deuxième_singulier
perdre - conditionnel - présent - troisième_singulier,perdre,perdrait,\[il/ɛl/ɔ̃] pɛʁ.dʁɛ\,conditionnel,présent,troisième_singulier
perdre - conditionnel - présent - première_pluriel,perdre,perdrions,\nu pɛʁ.dʁi.jɔ̃\,conditionnel,présent,première_pluriel
perdre - conditionnel - présent - deuxième_pluriel,perdre,perdriez,\vu pɛʁ.dʁi.je\,conditionnel,présent,deuxième_pluriel
perdre - conditionnel - présent - troisième_pluriel,perdre,perdraient,\[il/ɛl] pɛʁ.dʁɛ\,conditionnel,présent,troisième_pluriel
répondre - indicatif - présent - première_singulier,répondre,réponds,\ʒə ʁe.pɔ̃\,indicatif,présent,première_singulier
répondre - indicatif - présent - deuxième_singulier,répondre,réponds,\ty ʁe.pɔ̃\,indicatif,présent,deuxième_singulier
répondre - indicatif - présent - troisième_singulier,répondre,répond,\[il/ɛl/ɔ̃] ʁe.pɔ̃\,indicatif,présent,troisième_singulier
répondre - indicatif - présent - première_pluriel,répondre,répondons,\nu ʁe.pɔ̃.dɔ̃\,indicatif,présent,première_pluriel
répondre - indicatif - présent - deuxième_pluriel,répondre,répondez,\vu ʁe.pɔ̃.de\,indicatif,présent,deuxième_pluriel
répondre - indicatif - présent - troisième_pluriel,répondre,répondent,\[il/ɛl] ʁe.pɔ̃d\,indicatif,présent,troisième_pluriel
répondre - indicatif - imparfait - première_singulier,répondre,répondais,\ʒə ʁe.pɔ̃.dɛ\,indicatif,imparfait,première_singulier
répondre - indicatif - imparfait - deuxième_singulier,répondre,répondais,\ty ʁe.pɔ̃.dɛ\,indicatif,imparfait,deuxième_singulier
répondre - indicatif - imparfait - troisième_singulier,répondre,répondait,\[il/ɛl/ɔ̃] ʁe.pɔ̃.dɛ\,indicatif,imparfait,troisième_singulier
répondre - indicatif - imparfait - première_pluriel,répondre,répondions,\nu ʁe.pɔ̃.djɔ̃\,indicatif,imparfait,première_pluriel
répondre - indicatif - imparfait - deuxième_pluriel,répondre,répondiez,\vu ʁe.pɔ̃.dje\,indicatif,imparfait,deuxième_pluriel
répondre - indicatif - imparfait - troisième_pluriel,répondre,répondaient,\[il/ɛl] ʁe.pɔ̃.dɛ\,indicatif,imparfait,troisième_pluriel
répondre - indicatif - passé_simple - première_singulier,répondre,répondis,\ʒə ʁe.pɔ̃.di\,indicatif,passé simple,première_singulier
répondre - indicatif - passé_simple - deuxième_singulier,répondre,répondis,\ty ʁe.pɔ̃.di\,indicatif,passé simple,deuxième_singulier
répondre - indicatif - passé_simple - troisième_singulier,répondre,répondit,\[il/ɛl/ɔ̃] ʁe.pɔ̃.di\,indicatif,passé simple,troisième_singulier
répondre - indicatif - passé_simple - première_pluriel,répondre,répondîmes,\nu ʁe.pɔ̃.dim\,indicatif,passé simple,première_pluriel
répondre - indicatif - passé_simple - deuxième_pluriel,répondre,répondîtes,\vu ʁe.pɔ̃.dit\,indicatif,passé simple,deuxième_pluriel
répondre - indicatif - passé_simple - troisième_pluriel,répondre,répondirent,\[il/ɛl] ʁe.pɔ̃.diʁ\,indicatif,passé simple,troisième_pluriel
répondre - indicatif - futur_simple - première_singulier,répondre,répondrai,\ʒə ʁe.pɔ̃.dʁe\,indicatif,futur simple,première_singulier
répondre - indicatif - futur_simple - deuxième_singulier,répondre,répondras,\ty ʁe.pɔ̃.dʁa\,indicatif,futur simple,deuxième_singulier
répondre - indicatif - futur_simple - troisième_singulier,répondre,répondra,\[il/ɛl/ɔ̃] ʁe.pɔ̃.dʁa\,indicatif,futur simple,troisième_singulier
répondre - indicatif - futur_simple - première_pluriel,répondre,répondrons,\nu ʁe.pɔ̃.dʁɔ̃\,indicatif,futur simple,première_pluriel
répondre - indicatif - futur_simple - deuxième_pluriel,répondre,répondrez,\vu ʁe.pɔ̃.dʁe\,indicatif,futur simple,deuxième_pluriel
répondre - indicatif - futur_simple - troisième_pluriel,répondre,répondront,\[il/ɛl] ʁe.pɔ̃.dʁɔ̃\,indicatif,futur simple,troisième_pluriel
répondre - subjonctif - présent - première_singulier,répondre,réponde,\kə ʒə ʁe.pɔ̃d\,subjonctif,présent,première_singulier
répondre - subjonctif - présent - deuxième_singulier,répondre,répondes,\kə ty ʁe.pɔ̃d\,subjonctif,présent,deuxième_singulier
répondre - subjonctif - présent - troisième_singulier,répondre,réponde,\k‿[il/ɛl/ɔ̃] ʁe.pɔ̃d\,subjonctif,présent,troisième_singulier
répondre - subjonctif - présent - première_pluriel,répondre,répondions,\kə nu ʁe.pɔ̃.djɔ̃\,subjonctif,présent,première_pluriel
répondre - subjonctif - présent - deuxième_pluriel,répondre,répondiez,\kə vu ʁe.pɔ̃.dje\,subjonctif,présent,deuxième_pluriel
répondre - subjonctif - présent - troisième_pluriel,répondre,répondent,\k‿[il/ɛl] ʁe.pɔ̃d\,subjonctif,présent,troisième_pluriel
répondre - subjonctif - imparfait - première_singulier,répondre,répondisse,\kə ʒə ʁe.pɔ̃.dis\,subjonctif,imparfait,première_singulier
répondre - subjonctif - imparfait - deuxième_singulier,répondre,répondisses,\kə ty ʁe.pɔ̃.dis\,subjonctif,imparfait,deuxième_singulier
répondre - subjonctif - imparfait - troisième_singulier,répondre,répondît,\k‿[il/ɛl/ɔ̃] ʁe.pɔ̃.di\,subjonctif,imparfait,troisième_singulier
répondre - subjonctif - imparfait - première_pluriel,répondre,répondissions,\kə nu ʁe.pɔ̃.di.sjɔ̃\,subjonctif,imparfait,première_pluriel
répondre - subjonctif - imparfait - deuxième_pluriel,répondre,répondissiez,\kə vu ʁe.pɔ̃.di.sje\,subjonctif,imparfait,deuxième_pluriel
répondre - subjonctif - imparfait - troisième_pluriel,répondre,répondissent,\k‿[il/ɛl] ʁe.pɔ̃.dis\,subjonctif,imparfait,troisième_pluriel
répondre - conditionnel - présent - première_singulier,répondre,répondrais,\ʒə ʁe.pɔ̃.dʁɛ\,conditionnel,présent,première_singulier
répondre - conditionnel - présent - deuxième_singulier,répondre,répondrais,\ty ʁe.pɔ̃.dʁɛ\,conditionnel,présent,deuxième_singulier
répondre - conditionnel - présent - troisième_singulier,répondre,répondrait,\[il/ɛl/ɔ̃] ʁe.pɔ̃.dʁɛ\,conditionnel,présent,troisième_singulier
répondre - conditionnel - présent - première_pluriel,répondre,répondrions,\nu ʁe.pɔ̃.dʁi.jɔ̃\,conditionnel,présent,première_pluriel
répondre - conditionnel - présent - deuxième_pluriel,répondre,répondriez,\vu ʁe.pɔ̃.dʁi.je\,conditionnel,présent,deuxième_pluriel
répondre - conditionnel - présent - troisième_pluriel,répondre,répondraient,\[il/ɛl] ʁe.pɔ̃.dʁɛ\,conditionnel,présent,troisième_pluriel
sortir - indicatif - présent - première_singulier,sortir,sors,\ʒə sɔʁ\,indicatif,présent,première_singulier
sortir - indicatif - présent - deuxième_singulier,sortir,sors,\ty sɔʁ\,indicatif,présent,deuxième_singulier
sortir - indicatif - présent - troisième_singulier,sortir,sort,\[il/ɛl/ɔ̃] sɔʁ\,indicatif,présent,troisième_singulier
sortir - indicatif - présent - première_pluriel,sortir,sortons,\nu sɔʁ.tɔ̃\,indicatif,présent,première_pluriel
sortir - indicatif - présent - deuxième_pluriel,sortir,sortez,\vu sɔʁ.te\,indicatif,présent,deuxième_pluriel
sortir - indicatif - présent - troisième_pluriel,sortir,sortent,\[il/ɛl] sɔʁt\,indicatif,présent,troisième_pluriel
sortir - indicatif - imparfait - première_singulier,sortir,sortais,\ʒə sɔʁ.tɛ\,indicatif,imparfait,première_singulier
sortir - indicatif - imparfait - deuxième_singulier,sortir,sortais,\ty sɔʁ.tɛ\,indicatif,imparfait,deuxième_singulier
sortir - indicatif - imparfait - troisième_singulier,sortir,sortait,\[il/ɛl/ɔ̃] sɔʁ.tɛ\,indicatif,imparfait,troisième_singulier
sortir - indicatif - imparfait - première_pluriel,sortir,sortions,\nu sɔʁ.tjɔ̃\,indicatif,imparfait,première_pluriel
sortir - indicatif - imparfait - deuxième_pluriel,sortir,sortiez,\vu sɔʁ.tje\,indicatif,imparfait,deuxième_pluriel
sortir - indicatif - imparfait - troisième_pluriel,sortir,sortaient,\[il/ɛl] sɔʁ.tɛ\,indicatif,imparfait,troisième_pluriel
sortir - indicatif - passé_simple - première_singulier,sortir,sortis,\ʒə sɔʁ.ti\,indicatif,passé simple,première_singulier
sortir - indicatif - passé_simple - deuxième_singulier,sortir,sortis,\ty sɔʁ.ti\,indicatif,passé simple,deuxième_singulier
sortir - indicatif - passé_simple - troisième_singulier,sortir,sortit,\[il/ɛl/ɔ̃] sɔʁ.ti\,indicatif,passé simple,troisième_singulier
sortir - indicatif - passé_simple - première_pluriel,sortir,sortîmes,\nu sɔʁ.tim\,indicatif,passé simple,première_pluriel
sortir - indicatif - passé_simple - deuxième_pluriel,sortir,sortîtes,\vu sɔʁ.tit\,indicatif,passé simple,deuxième_pluriel
sortir - indicatif - passé_simple - troisième_pluriel,sortir,sortirent,\[il/ɛl] sɔʁ.tiʁ\,indicatif,passé simple,troisième_pluriel
sortir - indicatif - futur_simple - première_singulier,sortir,sortirai,\ʒə sɔʁ.ti.ʁe\,indicatif,futur simple,première_singulier
sortir - indicatif - futur_simple - deuxième_singulier,sortir,sortiras,\ty sɔʁ.ti.ʁa\,indicatif,futur simple,deuxième_singulier
sortir - indicatif - futur_simple - troisième_singulier,sortir,sortira,\[il/ɛl/ɔ̃] sɔʁ.ti.ʁa\,indicatif,futur simple,troisième_singulier
sortir - indicatif - futur_simple - première_pluriel,sortir,sortirons,\nu sɔʁ.ti.ʁɔ̃\,indicatif,futur simple,première_pluriel
sortir - indicatif - futur_simple - deuxième_pluriel,sortir,sortirez,\vu sɔʁ.ti.ʁe\,indicatif,futur simple,deuxième_pluriel
sortir - indicatif - futur_simple - troisième_pluriel,sortir,sortiront,\[il/ɛl] sɔʁ.ti.ʁɔ̃\,indicatif,futur simple,troisième_pluriel
sortir - subjonctif - présent - première_singulier,sortir,sorte,\kə ʒə sɔʁt\,subjonctif,présent,première_singulier
sortir - subjonctif - présent - deuxième_singulier,sortir,sortes,\kə ty sɔʁt\,subjonctif,présent,deuxième_singulier
sortir - subjonctif - présent - troisième_singulier,sortir,sorte,\k‿[il/ɛl/ɔ̃] sɔʁt\,subjonctif,présent,troisième_singulier
sortir - subjonctif - présent - première_pluriel,sortir,sortions,\kə nu sɔʁ.tjɔ̃\,subjonctif,présent,première_pluriel
sortir - subjonctif - présent - deuxième_pluriel,sortir,sortiez,\kə vu sɔʁ.tje\,subjonctif,présent,deuxième_pluriel
sortir - subjonctif - présent - troisième_pluriel,sortir,sortent,\k‿[il/ɛl] sɔʁt\,subjonctif,présent,troisième_pluriel
sortir - subjonctif - imparfait - première_singulier,sortir,sortisse,\kə ʒə sɔʁ.tis\,subjonctif,imparfait,première_singulier
sortir - subjonctif - imparfait - deuxième_singulier,sortir,sortisses,\kə ty sɔʁ.tis\,subjonctif,imparfait,deuxième_singulier
sortir - subjonctif - imparfait - troisième_singulier,sortir,sortît,\k‿[il/ɛl/ɔ̃] sɔʁ.ti\,subjonctif,imparfait,troisième_singulier
sortir - subjonctif - imparfait - première_pluriel,sortir,sortissions,\kə nu sɔʁ.ti.sjɔ̃\,subjonctif,imparfait,première_pluriel
sortir - subjonctif - imparfait - deuxième_pluriel,sortir,sortissiez,\kə vu sɔʁ.ti.sje\,subjonctif,imparfait,deuxième_pluriel
sortir - subjonctif - imparfait - troisième_pluriel,sortir,sortissent,\k‿[il/ɛl] sɔʁ.tis\,subjonctif,imparfait,troisième_pluriel
sortir - conditionnel - présent - première_singulier,sortir,sortirais,\ʒə sɔʁ.ti.ʁɛ\,conditionnel,présent,première_singulier
sortir - conditionnel - présent - deuxième_singulier,sortir,sortirais,\ty sɔʁ.ti.ʁɛ\,conditionnel,présent,deuxième_singulier
sortir - conditionnel - présent - troisième_singulier,sortir,sortirait,\[il/ɛl/ɔ̃] sɔʁ.ti.ʁɛ\,conditionnel,présent,troisième_singulier
sortir - conditionnel - présent - première_pluriel,sortir,sortirions,\nu sɔʁ.ti.ʁjɔ̃\,conditionnel,présent,première_pluriel
sortir - conditionnel - présent - deuxième_pluriel,sortir,sortiriez,\vu sɔʁ.ti.ʁje\,conditionnel,présent,deuxième_pluriel
sortir - conditionnel - présent - troisième_pluriel,sortir,sortiraient,\[il/ɛl] sɔʁ.ti.ʁɛ\,conditionnel,présent,troisième_pluriel
suivre - indicatif - présent - première_singulier,suivre,suis,\ʒə sɥi\,indicatif,présent,première_singulier
suivre - indicatif - présent - deuxième_singulier,suivre,suis,\ty sɥi\,indicatif,présent,deuxième_singulier
suivre - indicatif - présent - troisième_singulier,suivre,suit,\[il/ɛl/ɔ̃] sɥi\,indicatif,présent,troisième_singulier
suivre - indicatif - présent - première_pluriel,suivre,suivons,\nu sɥi.vɔ̃\,indicatif,présent,première_pluriel
suivre - indicatif - présent - deuxième_pluriel,suivre,suivez,\vu sɥi.ve\,indicatif,présent,deuxième_pluriel
suivre - indicatif - présent - troisième_pluriel,suivre,suivent,\[il/ɛl] sɥiv\,indicatif,présent,troisième_pluriel
suivre - indicatif - imparfait - première_singulier,suivre,suivais,\ʒə sɥi.vɛ\,indicatif,imparfait,première_singulier
suivre - indicatif - imparfait - deuxième_singulier,suivre,suivais,\ty sɥi.vɛ\,indicatif,imparfait,deuxième_singulier
suivre - indicatif - imparfait - troisième_singulier,suivre,suivait,\[il/ɛl/ɔ̃] sɥi.vɛ\,indicatif,imparfait,troisième_singulier
suivre - indicatif - imparfait - première_pluriel,suivre,suivions,\nu sɥi.vjɔ̃\,indicatif,imparfait,première_pluriel
suivre - indicatif - imparfait - deuxième_pluriel,suivre,suiviez,\vu sɥi.vje\,indicatif,imparfait,deuxième_pluriel
suivre - indicatif - imparfait - troisième_pluriel,suivre,suivaient,\[il/ɛl] sɥi.vɛ\,indicatif,imparfait,troisième_pluriel
suivre - indicatif - passé_simple - première_singulier,suivre,suivis,\ʒə sɥi.vi\,indicatif,passé simple,première_singulier
suivre - indicatif - passé_simple - deuxième_singulier,suivre,suivis,\ty sɥi.vi\,indicatif,passé simple,deuxième_singulier
suivre - indicatif - passé_simple - troisième_singulier,suivre,suivit,\[il/ɛl/ɔ̃] sɥi.vi\,indicatif,passé simple,troisième_singulier
suivre - indicatif - passé_simple - première_pluriel,suivre,suivîmes,\nu sɥi.vim\,indicatif,passé simple,première_pluriel
suivre - indicatif - passé_simple - deuxième_pluriel,suivre,suivîtes,\vu sɥi.vit\,indicatif,passé simple,deuxième_pluriel
suivre - indicatif - passé_simple - troisième_pluriel,suivre,suivirent,\[il/ɛl] sɥi.viʁ\,indicatif,passé simple,troisième_pluriel
suivre - indicatif - futur_simple - première_singulier,suivre,suivrai,\ʒə sɥi.vʁe\,indicatif,futur simple,première_singulier
suivre - indicatif - futur_simple - deuxième_singulier,suivre,suivras,\ty sɥi.vʁa\,indicatif,futur simple,deuxième_singulier
suivre - indicatif - futur_simple - troisième_singulier,suivre,suivra,\[il/ɛl/ɔ̃] sɥi.vʁa\,indicatif,futur simple,troisième_singulier
suivre - indicatif - futur_simple - première_pluriel,suivre,suivrons,\nu sɥi.vʁɔ̃\,indicatif,futur simple,première_pluriel
suivre - indicatif - futur_simple - deuxième_pluriel,suivre,suivrez,\vu sɥi.vʁe\,indicatif,futur simple,deuxième_pluriel
suivre - indicatif - futur_simple - troisième_pluriel,suivre,suivront,\[il/ɛl] sɥi.vʁɔ̃\,indicatif,futur simple,troisième_pluriel
suivre - subjonctif - présent - première_singulier,suivre,suive,\kə ʒə sɥiv\,subjonctif,présent,première_singulier
suivre - subjonctif - présent - deuxième_singulier,suivre,suives,\kə ty sɥiv\,subjonctif,présent,deuxième_singulier
suivre - subjonctif - présent - troisième_singulier,suivre,suive,\k‿[il/ɛl/ɔ̃] sɥiv\,subjonctif,présent,troisième_singulier
suivre - subjonctif - présent - première_pluriel,suivre,suivions,\kə nu sɥi.vjɔ̃\,subjonctif,présent,première_pluriel
suivre - subjonctif - présent - deuxième_pluriel,suivre,suiviez,\kə vu sɥi.vje\,subjonctif,présent,deuxième_pluriel
suivre - subjonctif - présent - troisième_pluriel,suivre,suivent,\k‿[il/ɛl] sɥiv\,subjonctif,présent,troisième_pluriel
suivre - subjonctif - imparfait - première_singulier,suivre,suivisse,\kə ʒə sɥi.vis\,subjonctif,imparfait,première_singulier
suivre - subjonctif - imparfait - deuxième_singulier,suivre,suivisses,\kə ty sɥi.vis\,subjonctif,imparfait,deuxième_singulier
suivre - subjonctif - imparfait - troisième_singulier,suivre,suivît,\k‿[il/ɛl/ɔ̃] sɥi.vi\,subjonctif,imparfait,troisième_singulier
suivre - subjonctif - imparfait - première_pluriel,suivre,suivissions,\kə nu sɥi.vi.sjɔ̃\,subjonctif,imparfait,première_pluriel
suivre - subjonctif - imparfait - deuxième_pluriel,suivre,suivissiez,\kə vu sɥi.vi.sje\,subjonctif,imparfait,deuxième_pluriel
suivre - subjonctif - imparfait - troisième_pluriel,suivre,suivissent,\k‿[il/ɛl] sɥi.vis\,subjonctif,imparfait,troisième_pluriel
suivre - conditionnel - présent - première_singulier,suivre,suivrais,\ʒə sɥi.vʁɛ\,conditionnel,présent,première_singulier
suivre - conditionnel - présent - deuxième_singulier,suivre,suivrais,\ty sɥi.vʁɛ\,conditionnel,présent,deuxième_singulier
suivre - conditionnel - présent - troisième_singulier,suivre,suivrait,\[il/ɛl/ɔ̃] sɥi.vʁɛ\,conditionnel,présent,troisième_singulier
suivre - conditionnel - présent - première_pluriel,suivre,suivrions,\nu sɥi.vʁi.jɔ̃\,conditionnel,présent,première_pluriel
suivre - conditionnel - présent - deuxième_pluriel,suivre,suivriez,\vu sɥi.vʁi.je\,conditionnel,présent,deuxième_pluriel
suivre - conditionnel - présent - troisième_pluriel,suivre,suivraient,\[il/ɛl] sɥi.vʁɛ\,conditionnel,présent,troisième_pluriel
venir - indicatif - présent - première_singulier,venir,viens,\ʒə vjɛ̃\,indicatif,présent,première_singulier
venir - indicatif - présent - deuxième_singulier,venir,viens,\ty vjɛ̃\,indicatif,présent,deuxième_singulier
venir - indicatif - présent - troisième_singulier,venir,vient,\[il/ɛl/ɔ̃] vjɛ̃\,indicatif,présent,troisième_singulier
venir - indicatif - présent - première_pluriel,venir,venons,\nu və.nɔ̃\,indicatif,présent,première_pluriel
venir - indicatif - présent - deuxième_pluriel,venir,venez,\vu və.ne\,indicatif,présent,deuxième_pluriel
venir - indicatif - présent - troisième_pluriel,venir,viennent,\[il/ɛl] vjɛn\,indicatif,présent,troisième_pluriel
venir - indicatif - imparfait - première_singulier,venir,venais,\ʒə və.nɛ\,indicatif,imparfait,première_singulier
venir - indicatif - imparfait - deuxième_singulier,venir,venais,\ty və.nɛ\,indicatif,imparfait,deuxième_singulier
venir - indicatif - imparfait - troisième_singulier,venir,venait,\[il/ɛl/ɔ̃] və.nɛ\,indicatif,imparfait,troisième_singulier
venir - indicatif - imparfait - première_pluriel,venir,venions,\nu və.njɔ̃\,indicatif,imparfait,première_pluriel
venir - indicatif - imparfait - deuxième_pluriel,venir,veniez,\vu və.nje\,indicatif,imparfait,deuxième_pluriel
venir - indicatif - imparfait - troisième_pluriel,venir,venaient,\[il/ɛl] və.nɛ\,indicatif,imparfait,troisième_pluriel
venir - indicatif - passé_simple - première_singulier,venir,vins,\ʒə vɛ̃\,indicatif,passé simple,première_singulier
venir - indicatif - passé_simple - deuxième_singulier,venir,vins,\ty vɛ̃\,indicatif,passé simple,deuxième_singulier
venir - indicatif - passé_simple - troisième_singulier,venir,vint,\[il/ɛl/ɔ̃] vɛ̃\,indicatif,passé simple,troisième_singulier
venir - indicatif - passé_simple - première_pluriel,venir,vînmes,\nu vɛ̃m\,indicatif,passé simple,première_pluriel
venir - indicatif - passé_simple - deuxième_pluriel,venir,vîntes,\vu vɛ̃t\,indicatif,passé simple,deuxième_pluriel
venir - indicatif - passé_simple - troisième_pluriel,venir,vinrent,\[il/ɛl] vɛ̃ʁ\,indicatif,passé simple,troisième_pluriel
venir - indicatif - futur_simple - première_singulier,venir,viendrai,\ʒə vjɛ̃.dʁe\,indicatif,futur simple,première_singulier
venir - indicatif - futur_simple - deuxième_singulier,venir,viendras,\ty vjɛ̃.dʁa\,indicatif,futur simple,deuxième_singulier
venir - indicatif - futur_simple - troisième_singulier,venir,viendra,\[il/ɛl/ɔ̃] vjɛ̃.dʁa\,indicatif,futur simple,troisième_singulier
venir - indicatif - futur_simple - première_pluriel,venir,viendrons,\nu vjɛ̃.dʁɔ̃\,indicatif,futur simple,première_pluriel
venir - indicatif - futur_simple - deuxième_pluriel,venir,viendrez,\vu vjɛ̃.dʁe\,indicatif,futur simple,deuxième_pluriel
venir - indicatif - futur_simple - troisième_pluriel,venir,viendront,\[il/ɛl] vjɛ̃.dʁɔ̃\,indicatif,futur simple,troisième_pluriel
venir - subjonctif - présent - première_singulier,venir,vienne,\kə ʒə vjɛn\,subjonctif,présent,première_singulier
venir - subjonctif - présent - deuxième_singulier,venir,viennes,\kə ty vjɛn\,subjonctif,présent,deuxième_singulier
venir - subjonctif - présent - troisième_singulier,venir,vienne,\k‿[il/ɛl/ɔ̃] vjɛn\,subjonctif,présent,troisième_singulier
venir - subjonctif - présent - première_pluriel,venir,venions,\kə nu və.njɔ̃\,subjonctif,présent,première_pluriel
venir - subjonctif - présent - deuxième_pluriel,venir,veniez,\kə vu və.nje\,subjonctif,présent,deuxième_pluriel
venir - subjonctif - présent - troisième_pluriel,venir,viennent,\k‿[il/ɛl] vjɛn\,subjonctif,présent,troisième_pluriel
venir - subjonctif - imparfait - première_singulier,venir,vinsse,\kə ʒə vɛ̃s\,subjonctif,imparfait,première_singulier
venir - subjonctif - imparfait - deuxième_singulier,venir,vinsses,\kə ty vɛ̃s\,subjonctif,imparfait,deuxième_singulier
venir - subjonctif - imparfait - troisième_singulier,venir,vînt,\k‿[il/ɛl/ɔ̃] vɛ̃\,subjonctif,imparfait,troisième_singulier
venir - subjonctif - imparfait - première_pluriel,venir,vinssions,\kə nu vɛ̃.sjɔ̃\,subjonctif,imparfait,première_pluriel
venir - subjonctif - imparfait - deuxième_pluriel,venir,vinssiez,\kə vu vɛ̃.sje\,subjonctif,imparfait,deuxième_pluriel
venir - subjonctif - imparfait - troisième_pluriel,venir,vinssent,\k‿[il/ɛl] vɛ̃s\,subjonctif,imparfait,troisième_pluriel
venir - conditionnel - présent - première_singulier,venir,viendrais,\ʒə vjɛ̃.dʁɛ\,conditionnel,présent,première_singulier
venir - conditionnel - présent - deuxième_singulier,venir,viendrais,\ty vjɛ̃.dʁɛ\,conditionnel,présent,deuxième_singulier
venir - conditionnel - présent - troisième_singulier,venir,viendrait,\[il/ɛl/ɔ̃] vjɛ̃.dʁɛ\,conditionnel,présent,troisième_singulier
venir - conditionnel - présent - première_pluriel,venir,viendrions,\nu vjɛ̃.dʁi.jɔ̃\,conditionnel,présent,première_pluriel
venir - conditionnel - présent - deuxième_pluriel,venir,viendriez,\vu vjɛ̃.dʁi.je\,conditionnel,présent,deuxième_pluriel
venir - conditionnel - présent - troisième_pluriel,venir,viendraient,\[il/ɛl] vjɛ̃.dʁɛ\,conditionnel,présent,troisième_pluriel
vivre - indicatif - présent - première_singulier,vivre,vis,\ʒə vi\,indicatif,présent,première_singulier
vivre - indicatif - présent - deuxième_singulier,vivre,vis,\ty vi\,indicatif,présent,deuxième_singulier
vivre - indicatif - présent - troisième_singulier,vivre,vit,\[il/ɛl/ɔ̃] vi\,indicatif,présent,troisième_singulier
vivre - indicatif - présent - première_pluriel,vivre,vivons,\nu vi.vɔ̃\,indicatif,présent,première_pluriel
vivre - indicatif - présent - deuxième_pluriel,vivre,vivez,\vu vi.ve\,indicatif,présent,deuxième_pluriel
vivre - indicatif - présent - troisième_pluriel,vivre,vivent,\[il/ɛl] viv\,indicatif,présent,troisième_pluriel
vivre - indicatif - imparfait - première_singulier,vivre,vivais,\ʒə vi.vɛ\,indicatif,imparfait,première_singulier
vivre - indicatif - imparfait - deuxième_singulier,vivre,vivais,\ty vi.vɛ\,indicatif,imparfait,deuxième_singulier
vivre - indicatif - imparfait - troisième_singulier,vivre,vivait,\[il/ɛl/ɔ̃] vi.vɛ\,indicatif,imparfait,troisième_singulier
vivre - indicatif - imparfait - première_pluriel,vivre,vivions,\nu vi.vjɔ̃\,indicatif,imparfait,première_pluriel
vivre - indicatif - imparfait - deuxième_pluriel,vivre,viviez,\vu vi.vje\,indicatif,imparfait,deuxième_pluriel
vivre - indicatif - imparfait - troisième_pluriel,vivre,vivaient,\[il/ɛl] vi.vɛ\,indicatif,imparfait,troisième_pluriel
vivre - indicatif - passé_simple - première_singulier,vivre,vécus,\ʒə ve.ky\,indicatif,passé simple,première_singulier
vivre - indicatif - passé_simple - deuxième_singulier,vivre,vécus,\ty ve.ky\,indicatif,passé simple,deuxième_singulier
vivre - indicatif - passé_simple - troisième_singulier,vivre,vécut,\[il/ɛl/ɔ̃] ve.ky\,indicatif,passé simple,troisième_singulier
vivre - indicatif - passé_simple - première_pluriel,vivre,vécûmes,\nu ve.kym\,indicatif,passé simple,première_pluriel
vivre - indicatif - passé_simple - deuxième_pluriel,vivre,vécûtes,\vu ve.kyt\,indicatif,passé simple,deuxième_pluriel
vivre - indicatif - passé_simple - troisième_pluriel,vivre,vécurent,\[il/ɛl] ve.kyʁ\,indicatif,passé simple,troisième_pluriel
vivre - indicatif - futur_simple - première_singulier,vivre,vivrai,\ʒə vi.vʁe\,indicatif,futur simple,première_singulier
vivre - indicatif - futur_simple - deuxième_singulier,vivre,vivras,\ty vi.vʁa\,indicatif,futur simple,deuxième_singulier
vivre - indicatif - futur_simple - troisième_singulier,vivre,vivra,\[il/ɛl/ɔ̃] vi.vʁa\,indicatif,futur simple,troisième_singulier
vivre - indicatif - futur_simple - première_pluriel,vivre,vivrons,\nu vi.vʁɔ̃\,indicatif,futur simple,première_pluriel
vivre - indicatif - futur_simple - deuxième_pluriel,vivre,vivrez,\vu vi.vʁe\,indicatif,futur simple,deuxième_pluriel
vivre - indicatif - futur_simple - troisième_pluriel,vivre,vivront,\[il/ɛl] vi.vʁɔ̃\,indicatif,futur simple,troisième_pluriel
vivre - subjonctif - présent - première_singulier,vivre,vive,\kə ʒə viv\,subjonctif,présent,première_singulier
vivre - subjonctif - présent - deuxième_singulier,vivre,vives,\kə ty viv\,subjonctif,présent,deuxième_singulier
vivre - subjonctif - présent - troisième_singulier,vivre,vive,\k‿[il/ɛl/ɔ̃] viv\,subjonctif,présent,troisième_singulier
vivre - subjonctif - présent - première_pluriel,vivre,vivions,\kə nu vi.vjɔ̃\,subjonctif,présent,première_pluriel
vivre - subjonctif - présent - deuxième_pluriel,vivre,viviez,\kə vu vi.vje\,subjonctif,présent,deuxième_pluriel
vivre - subjonctif - présent - troisième_pluriel,vivre,vivent,\k‿[il/ɛl] viv\,subjonctif,présent,troisième_pluriel
vivre - subjonctif - imparfait - première_singulier,vivre,vécusse,\kə ʒə ve.kys\,subjonctif,imparfait,première_singulier
vivre - subjonctif - imparfait - deuxième_singulier,vivre,vécusses,\kə ty ve.kys\,subjonctif,imparfait,deuxième_singulier
vivre - subjonctif - imparfait - troisième_singulier,vivre,vécût,\k‿[il/ɛl/ɔ̃] ve.ky\,subjonctif,imparfait,troisième_singulier
vivre - subjonctif - imparfait - première_pluriel,vivre,vécussions,\kə nu ve.ky.sjɔ̃\,subjonctif,imparfait,première_pluriel
vivre - subjonctif - imparfait - deuxième_pluriel,vivre,vécussiez,\kə vu ve.ky.sje\,subjonctif,imparfait,deuxième_pluriel
vivre - subjonctif - imparfait - troisième_pluriel,vivre,vécussent,\k‿[il/ɛl] ve.kys\,subjonctif,imparfait,troisième_pluriel
vivre - conditionnel - présent - première_singulier,vivre,vivrais,\ʒə vi.vʁɛ\,conditionnel,présent,première_singulier
vivre - conditionnel - présent - deuxième_singulier,vivre,vivrais,\ty vi.vʁɛ\,conditionnel,présent,deuxième_singulier
vivre - conditionnel - présent - troisième_singulier,vivre,vivrait,\[il/ɛl/ɔ̃] vi.vʁɛ\,conditionnel,présent,troisième_singulier
vivre - conditionnel - présent - première_pluriel,vivre,vivrions,\nu vi.vʁi.jɔ̃\,conditionnel,présent,première_pluriel
vivre - conditionnel - présent - deuxième_pluriel,vivre,vivriez,\vu vi.vʁi.je\,conditionnel,présent,deuxième_pluriel
vivre - conditionnel - présent - troisième_pluriel,vivre,vivraient,\[il/ɛl] vi.vʁɛ\,conditionnel,présent,troisième_pluriel
